map_i	map_j	theta
250	250	2.5503917667042826
228	217	2.550391766704296
205	184	2.550391766704285
183	150	2.5503917667042733
161	117	2.550391766704319
136	87	2.118625109993639
98	85	1.1174270654338194
74	116	0.36027105318991304
60	153	0.36027104423850587
50	180	0.36027104423849504
