map_i	map_j	theta
415	418	1.4232813537657565
375	424	1.42328135376576
336	430	1.42328135376576
296	436	1.4232813537657583
257	442	1.423281353765765
217	447	1.4232813537657605
180	440	2.268542812910743
165	404	3.126324371124562
165	364	3.126326664042999
164	324	3.126326664043035
