map_i	map_j	theta
250	250	2.556802030431064
228	217	2.5568020304310575
206	183	2.5568020304310513
184	150	2.5568020304310606
161	116	2.5568020304310606
137	86	2.098540481445615
98	85	1.094131606953794
75	116	0.37221272953600987
60	153	0.37221272841349623
50	180	0.37221272841349823
