map_i	map_j	theta
250	250	0.06933313368821252
247	290	0.06933313368821337
244	330	0.06933313368820274
242	370	0.0693331336882097
239	409	0.2460572212585973
255	444	-0.9388775305615996
293	450	-1.8468566537408777
332	439	-1.8468933461903483
370	428	-1.8468933461903163
409	417	-1.8468933461903618
415	415	-1.8468933461902712
