map_i	map_j	theta
250	250	-0.13346117425315704
255	290	-0.13346117425319332
261	329	-0.13346117425317858
266	369	-0.13346117425318135
271	409	-0.13346117425318316
288	443	-0.9435928216055729
326	448	-1.927211963206894
364	434	-1.9295669970654565
401	420	-1.9295669970654992
415	415	-1.9295669970654423
